cbr_rate,avg_throughput,std_throughput
1,8.541420040139405,0.00003152187009207905
2,7.655640931953257,0.00006150170416219338
3,6.754051711459777,0.00003554429006514354
4,5.823741831288841,0.003495131374110812
5,4.878202247709201,0.000014282275013524013
6,3.9360969086392252,0.000015007570146270059
7,2.9776737620644793,0.00020634610630244853
8,1.991300099720824,0.0000007890388837295253
9,0.9857740472436288,0.00000012309957855610004
