cbr_rate,avg_throughput,std_throughput
1,7.947839257772972,0.0015894401040671463
2,6.712201697489205,0.015805598986330226
3,5.538241018602099,0.13912100026197308
4,4.6739223164064,0.09189464748575331
5,3.8474854984465368,0.047508951755971446
6,3.1528430361641626,0.014844107845590064
7,2.0314758983363492,0.04677327680698447
8,1.64566868994319,0.0001810956234052353
9,1.0108002751859817,0.0024668299117735215
