cbr_rate,avg_throughput,std_throughput
1,8.338079087909353,0.007583398230798236
2,7.10507380658541,0.012661929652104643
3,6.140274431511967,0.014150461509565842
4,5.199875026906796,0.018206805705037986
5,4.302900768615028,0.017766179073617716
6,3.5543910938027525,0.0028421281724511625
7,2.5393549720417923,0.018288584558878326
8,1.8735103383762275,0.006050229180048233
9,1.0933449854359756,0.011534330482096863
