cbr_rate,avg_throughput,std_throughput
1,7.807730984818014,0.1372678280209697
2,6.869997981100893,0.15423032592003144
3,5.586872922705293,0.07182625957446467
4,4.623597969254883,0.4668144478871867
5,3.2869877741788294,0.03602572638527645
6,2.866355111120445,0.03958700840203969
7,1.938831502785445,0.0032774515152934496
8,1.2761083666202657,0.00000038396754672166186
9,0.8639432451601528,0.007652623719828003
